collection,question,rag_response,source,Faithfulness Evaluation Result,Relevancy Evaluation Result
interest_rate,What are the current interest rates for home loans in 2024?,"As of January 2024, the average mortgage rate for a 30-year fixed-rate mortgage is around 6.6%, which is a decline from a high of 7.79% in October 2023. Projections suggest that mortgage rates could drop to lower than 6% within the year, particularly as consumer demand is expected to increase during the spring season. However, experts indicate that rates may hold above 6.5% until early 2025.","Document: 
 + Content: ## **""We Are Heading into A Housing Renaissance""**

On January 29, Jim Tobin, Chief Executive Officer of the National Association of Home Builders, appeared in an [interview](https://www.youtube.com/watch?v=KPLRPwZfuJQ) on _Yahoo Finance,_ where he discussed the outlook for mortgage rates in 2024. Tobin said that over the next six months, mortgage rates are expected to decline steeply. According to Freddie Mac, mortgage rates are closer to 6.5% than they are to 7%. Moreover, as consumer demand is expected to increase in the spring season, the outlook for housing ahead of 2024, especially over the first six months seems to be positive. Over the past few months, mortgage rates have declined by one full percentage point. Other important catalysts expected to shape the housing outlook include the vast builder incentives, including price cuts and the expected drop in mortgage rates to lower than 6%.

On January 25, Reuters [reported](https://www.reuters.com/markets/us",Pass,Pass
interest_rate,How have home loan interest rates changed over the past year?,"Over the past year, home loan interest rates have exhibited a significant upward trend. In January 2023, the monthly average interest rate for 30-year fixed-rate closed-end conventional conforming loans originated to prime borrowers was around 6.238%. By December 2023, this rate had risen to 7.169%, indicating a steady increase in interest rates throughout the year. This rise in interest rates has contributed to higher monthly mortgage payments for borrowers and has impacted overall mortgage market activity, including a decline in both home purchase and refinance loan applications and originations.","Document: 
 + Content: ### Rate Fluctuations and Their Impact on Affordability

The mortgage market in 2024 was heavily influenced by interest rate fluctuations, which, though modest, had significant implications for affordability and loan demand. The Federal Reserve maintained a relatively high federal funds rate throughout the year, aiming to stabilize inflation without drastically impacting economic growth([10)](https://www.federalreserve.gov/monetarypolicy/2024-03-mpr-summary.htm). As a result, the average 30-year fixed mortgage rate hovered around 6.8%([11)](https://www.freddiemac.com/pmms). While this was a slight improvement from 2023’s highs, it remained well above pre-pandemic levels, making home financing less affordable for many borrowers.

These elevated rates placed downward pressure on both purchasing power and housing affordability. For example, a buyer with a 6.8% interest rate on a $400,000 mortgage faced monthly principal and interest payments around $2,600, compared ",Pass,Pass
interest_rate,What factors influence home loan interest rates?,"Home loan interest rates are influenced by several key factors, including:

1. **Federal Reserve Policies**: The Federal Reserve's decisions regarding interest rates impact mortgage rates. Changes in the benchmark short-term interest rate can lead to fluctuations in long-term rates, such as those for mortgages.

2. **Investor Expectations**: Market expectations about future economic conditions, including inflation and growth, can influence mortgage rates. If investors anticipate rising inflation, they may demand higher yields on bonds, which in turn can push mortgage rates up.

3. **10-Year Treasury Yields**: Mortgage rates closely track the yields on 10-year Treasury notes. As these yields rise or fall, mortgage rates tend to follow suit.

4. **Economic Indicators**: Key economic indicators such as inflation rates, unemployment rates, and job market performance can also affect mortgage rates. Strong indicators may lead to higher rates, while weak indicators may result in lower rates.

5. **Geopolitical Events**: Political instability, military conflicts, and elections can create economic uncertainty, which can lead to volatility in mortgage rates.

6. **Credit Score and Financial Profile**: A borrower's credit score, debt-to-income ratio, and overall financial health can influence the interest rates offered by lenders. Borrowers with higher credit scores typically qualify for lower rates.

7. **Loan Characteristics**: The type of loan—such as fixed-rate vs. adjustable-rate mortgages, as well as the size of the loan and down payment—can impact the interest rate. Larger down payments and lower-risk loans often receive better rates.

8. **Market Competition**: The level of competition among lenders may also affect mortgage rates, as lenders may offer more attractive rates to attract borrowers. 

These factors collectively create a dynamic environment that influences mortgage interest rates at any given time.","Document: 
 + Content: ### Key Details:
- Mortgage rates have increased, with the average 30-year fixed rate rising to around 7% following the Fed's interest rate cut.
- Mortgage rates are influenced by investor expectations and the yield on the 10-year Treasury.
- In the near term, rates are projected to fluctuate between 5.75% and 7.25% according to HousingWire's 2025 forecast.
- Sample APRs for a 30-year fixed mortgage range from 6.29% to 6.33% with associated fees.

### Actionable Insights:
- Monitor economic indicators such as inflation and job market data to gauge the potential direction of mortgage rates.
- Consider locking in a rate if you find an offer within your budget to protect against potential rate increases.
- Improve your credit score to access better rates or consider making a larger down payment to reduce overall interest costs.
- Seek pre-approval before house hunting to understand your borrowing capacity and negotiate confidently.

### FAQs:
1. **What factors influ",Pass,Pass
interest_rate,How do interest rates vary across different states or regions?,"Interest rates can vary across different states or regions due to several factors, including:

1. **Local Economic Conditions**: States with stronger economies often have lower interest rates because lenders feel more secure in borrowers' ability to repay loans. Conversely, regions facing economic challenges may see higher rates to compensate for increased risk.

2. **Cost of Living**: Areas with a higher cost of living might have higher interest rates. Lenders take into account the financial pressures borrowers face, which can differ by location.

3. **Housing Market Dynamics**: In regions with rapidly appreciating home prices, lenders may adjust rates based on perceived risk and competition among borrowers, leading to variations in mortgage rates.

4. **State Regulations**: Some states have unique regulations that affect lending practices, which can influence interest rates. For instance, states may impose usury laws that limit the maximum interest rate lenders can charge.

5. **Local Competition**: Regions with a higher number of lenders can experience lower rates due to increased competition among financial institutions. Conversely, in areas with fewer lenders, rates may be higher due to less competition.

6. **Property Taxes and Insurance Costs**: Locations with high property taxes or insurance costs can lead to higher overall borrowing costs, indirectly affecting interest rates offered by lenders.

7. **Credit Unions and Regional Banks**: Local financial institutions may offer more competitive rates compared to national banks, reflecting their understanding of the regional market and borrower needs.

8. **Loan Type and Purpose**: Different regions may have varying demand for types of loans (e.g., conventional, FHA, VA loans), which can influence the rates lenders provide.

As a result of these factors, it's essential for borrowers to shop around and compare offers from various lenders in their specific region to find the best rates available.","Document: 
 + Content: # 30-Year Mortgage Rates vs. Federal Funds Rate (July-December 2024)

Average 30-year fixed mortgage rate

Federal funds rate

5%6%7%7/11/20247/17/20247/23/20247/29/20248/2/20248/8/20248/14/20248/20/20248/26/20248/30/20249/5/20249/11/20249/17/20249/23/20249/27/202410/3/202410/9/202410/15/202410/21/202410/25/202410/31/202411/6/202411/12/202411/18/202411/22/202411/28/202412/4/202412/10/202412/16/202412/20/2024

Source: Bankrate, Federal Reserve 
Content: ## Why are mortgage rates higher after the Fed's rate cut?

The recent surge in longer-term Treasury yields and home loan rates was due in large part to the Fed's newly updated [Summary of Economic Projections](https://www.federalreserve.gov/monetarypolicy/files/fomcprojtabl20241218.pdf ""(opens in a new window)""), outlining expectations for just two 0.25% interest rate cuts in 2025, down from four previously.

To maintain [maximum employment](https://www.cnet.com/personal-finance/what-todays-jobs-report-means-for-m",Fail,Fail
interest_rate,What is the impact of inflation on home loan interest rates?,"Inflation significantly affects home loan interest rates in several ways:

1. **Federal Reserve Response**: In response to rising inflation, the Federal Reserve often raises the federal funds rate to cool the economy. Higher federal funds rates generally lead to increased mortgage rates as lenders pass on the higher costs of borrowing to consumers.

2. **Investor Expectations**: Mortgage rates are influenced by investor expectations about the economy and future inflation. If investors anticipate higher inflation, they may demand higher yields on bonds, leading to increased mortgage rates.

3. **General Economic Conditions**: Inflation can cause higher living costs, which in turn affects household budgets. As consumers allocate more of their income towards essential expenses, the amount they can afford for mortgage payments may decrease, impacting overall demand for home loans.

4. **Current Rate Environment**: In the current context, even though inflation has shown signs of moderation, it remained above the Federal Reserve's target, prompting the central bank to maintain elevated interest rates. This situation continues to sustain higher mortgage rates, presenting challenges for homebuyers seeking affordability.

5. **Historical Context**: Historically, mortgage rates tend to be higher during periods of high inflation. For example, after a significant inflation surge, mortgage rates rose sharply, contributing to lower homebuying demand due to affordability concerns.

In summary, inflation impacts mortgage interest rates primarily through the actions of the Federal Reserve, investor expectations, and overall economic conditions, influencing both the rates themselves and the broader housing market dynamics.","Document: 
 + Content: ### Inflation’s Role in Mortgage Rates and Borrower Concerns

Inflation continued to play a critical role in shaping mortgage rates in 2024. Although inflation showed signs of moderating, it remained above the Federal Reserve’s target, prompting the central bank to keep rates elevated as a preventive measure against further economic overheating([14)](https://www.federalreserve.gov/monetarypolicy/2024-03-mpr-summary.htm). This decision indirectly sustained higher mortgage rates, creating additional obstacles for buyers seeking affordability. High inflation affected not only interest rates but also general living costs, which placed further strain on household budgets and limited the portion of income many households could allocate toward mortgage payments.

Brokers reported that many clients expressed concerns about the high rates, particularly those new to homeownership who lacked familiarity with rate fluctuations. As a result, brokers took a proactive role in e",Pass,Pass
interest_rate,Which countries or areas with highest interest rates?,"The document specifically lists Poland and Romania as countries with high mortgage rates. Here are their details:

1. **Poland**
   - Latest Mortgage Rate (September 2023): 7.4%
   - Average Mortgage Rate (January 2004 - September 2023): 5.21%

2. **Romania**
   - Latest Mortgage Rate (September 2023): 7.56%
   - Average Mortgage Rate (January 2007 - September 2023): 7.87%

If you need information on more countries or a broader analysis, please let me know!","Document: 
 + Content: ## 15 Countries With Highest Mortgage Rates 
Content: ## In This Article:

[COOP \\
+0.49%](https://finance.yahoo.com/quote/COOP/ ""COOP"")

[LDI \\
+4.15%](https://finance.yahoo.com/quote/LDI/ ""LDI"")

[GHLD \\
+1.21%](https://finance.yahoo.com/quote/GHLD/ ""GHLD"")

In this article, we will take a look at the 15 countries with the highest mortgage rates. If you want to skip our detailed analysis, you can go directly to [**5 Countries With Highest Mortgage Rates**](https://www.insidermonkey.com/blog/5-countries-with-highest-mortgage-rates-1251299/). 
Content: ### 15\. Poland

_**Latest Mortgage Rate (September 2023): 7.4%**_

_**Average Mortgage Rate (January 2004 - September 2023): 5.21%**_

Poland is one of the countries with the highest mortgage rates in the world. The average mortgage rate between January 2004 and September 2023 was 5.21%. The lowest mortgage rate recorded within this period was 2.27% and the highest mortgage rate recorded was 8.14%. 
Content: ##",Pass,Pass
eligibility,What is the minimum credit score needed to qualify for a home loan?,The minimum credit score needed to qualify for a home loan is generally 700 and above. A good credit score in this range enhances your chances of securing the loan.,"Document: 
 + Content: ### **What is the minimum salary to apply for a Home Loan?**

![](https://www.icicibank.com/etc.clientlibs/icicibank/clientlibs/clientlib-base/resources/images/icons/ac-plus.webp)![](https://www.icicibank.com/etc.clientlibs/icicibank/clientlibs/clientlib-base/resources/images/icons/ac-minus.webp)

The minimum salary requirement may vary, but generally, a stable monthly income of around Rs 25,000 to Rs 30,000 is advisable to apply for a Home Loan. 
Content: # Understanding Home Loan eligibility 
Content: ## What is Home Loan Eligibility?

Home loan eligibility is defined as a set of criteria basis which a financial institution assesses the creditworthiness of a customer to avail and repay a particular loan amount. Home loan eligibility depends on criteria such as age, financial position, credit history, credit score, other financial obligations etc. 
Content: ## Home Loan Eligibility Criteria

![](https://www.icicibank.com/etc.clientlibs/icicibank/clientlibs/clien",Pass,Pass
eligibility,What documents are required to apply for a home loan?,"To apply for a home loan, you typically need to provide several documents to confirm your identity, income, and financial stability. While specific requirements can vary by lender, here is a general list of documents commonly required:

### 1. **Personal Identification**
   - Government-issued ID (Aadhar card, passport, driver's license)
   - PAN card

### 2. **Proof of Income**
   - Salary slips (last 3-6 months)
   - Bank statements (last 6 months)
   - Income tax returns (last 2-3 years)
   - Form 16 (if salaried)

### 3. **Employment Details**
   - Employment verification letter
   - Offer letter (if recently employed)

### 4. **Property Documents**
   - Sale deed
   - Title deeds
   - Approved building plan
   - Encumbrance certificate

### 5. **Financial Statements**
   - Statement of liabilities (existing loans, credit card debts)
   - Details of other assets (savings accounts, fixed deposits, investments)

### 6. **Credit Report**
   - Credit score report (often required, but can be pulled by the lender)

### 7. **Loan Application Form**
   - Completely filled loan application form provided by the lender

### 8. **Passport-sized Photographs**
   - Recent photographs for identification purposes

### 9. **Additional Documents**
   - For self-employed individuals: Business proof, partnership deed, or registration certificate.
   - For returning NRI applicants: Valid visa, overseas bank statements.

Make sure to check with your lender for any additional requirements they may have.","Document: 
 + Content: ### [What You Need to Know About Principal Amount in Home Loans](https://agrimhfc.com/what-you-need-to-know-about-principal-amount-in-home-loans/)

What You Need to Know About Principal Amount in Home Loans When diving into the world of home loans, understanding key financial terms is crucial.

[Read More »](https://agrimhfc.com/what-you-need-to-know-about-principal-amount-in-home-loans/)

August 6, 2024
No Comments

[![](https://agrimhfc.com/wp-content/uploads/2024/08/Blog-4-scaled.jpg)](https://agrimhfc.com/home-loan-balance-transfer-or-top-up-loan/)

Home Loan

![Venkat Nagendra](https://secure.gravatar.com/avatar/0117ff999aa82e0d0ae817a7ad2cc0aa?s=128&d=mm&r=g) 
Content: ### [What You Need to Know About Principal Amount in Home Loans](https://agrimhfc.com/what-you-need-to-know-about-principal-amount-in-home-loans/)

What You Need to Know About Principal Amount in Home Loans When diving into the world of home loans, understanding key financial terms is crucial",Fail,Fail
eligibility,How does my debt-to-income ratio affect my loan eligibility?,"Your debt-to-income (DTI) ratio is a critical factor in determining your loan eligibility. It measures the percentage of your monthly income that goes toward servicing debt payments, including loans, credit cards, and other financial obligations. Here's how it affects your loan eligibility:

1. **Assessment of Financial Health:** Lenders use the DTI ratio to assess your overall financial health and ability to manage additional debt. A lower DTI indicates that you have a manageable amount of debt compared to your income, making you a more attractive candidate for a loan.

2. **Guidelines and Limits:** Most lenders have specific DTI ratio guidelines. Generally, a DTI of 36% or lower is considered a good benchmark, although some lenders may allow higher ratios, especially if you have a strong credit score or significant assets.

3. **Influence on Interest Rates:** A higher DTI may not only affect your eligibility but could also result in higher interest rates if you're approved. Lenders may perceive you as a higher risk, leading them to charge more to offset that risk.

4. **Types of Loans:** Different types of loans may have varying DTI requirements. For instance, mortgages typically have stricter DTI guidelines compared to personal loans or credit cards.

5. **Negotiation Power:** Knowing your DTI can empower you to negotiate better loan terms. If your ratio is low, you may be able to secure more favorable interest rates and terms.

In summary, maintaining a healthy DTI ratio is essential for improving your chances of securing a loan and obtaining better terms, thereby positively impacting your overall financial situation.","Document: 
 + Content: ### Access to Better Loan Terms

When you check your eligibility in advance, you can compare different lenders and loan products to find the best fit for your financial situation. This comparison allows you to identify lenders who offer favourable interest rates, lower processing fees, and flexible repayment options. Being an informed borrower empowers you to negotiate better terms and conditions, ultimately saving you money over the life of the loan.

1. **Current Interest Rates:** Evaluate the interest rates offered by your current lender and potential new lenders through a balance transfer. Calculate potential savings over the remaining loan tenure.
2. **Financial Goals:** Determine your immediate financial needs and long-term goals. If you require additional funds for specific purposes, a top-up loan may be more suitable. If your primary goal is to reduce interest costs, a balance transfer could be advantageous.
3. **Costs and Fees:** Compare processing fees,",Fail,Fail
eligibility,Are there specific home loan options for self-employed individuals?,"Yes, self-employed individuals often have specific home loan options tailored to their unique financial situations. Here are some common features and options available for self-employed borrowers:

1. **Documentation Flexibility:** Self-employed individuals may be required to provide alternative documentation, such as bank statements or profit and loss statements, instead of traditional income verification like W-2 forms.

2. **Higher Down Payment:** Lenders may require a larger down payment for self-employed applicants to mitigate perceived risks. This could be anywhere from 10% to 30%, depending on the lender and the borrower's financial profile.

3. **Loan Products:** Some lenders offer specific loan products designed for self-employed individuals, such as:
   - **Stated Income Loans:** These loans allow borrowers to state their income without needing to provide extensive documentation, though they may come with higher interest rates.
   - **Bank Statement Loans:** Instead of tax returns, lenders evaluate a borrower’s income based on their business bank statements over a specified period.

4. **Interest Rates:** Self-employed borrowers may face slightly higher interest rates due to the perceived risk, though this can vary based on the individual's credit score and overall financial health.

5. **Credit Score Requirements:** A higher credit score may be expected to qualify for a home loan for self-employed individuals. Maintaining a solid credit profile is essential.

6. **Consideration of Business Income:** Lenders typically assess the stability of the business and the borrower's overall income, taking into account average earnings over a period of time, usually two years.

7. **Consulting Mortgage Brokers:** Working with a mortgage broker who understands the intricacies of self-employment and home loans can help navigate various options and find the best deal.

Self-employed individuals should shop around and compare different lenders and their offerings to find the most suitable home loan option for their circumstances. Consulting with a financial advisor can also help tailor choices based on individual financial goals.","Document: 
 + Content: ### **Benefits of Top-Up Loans:**

A top-up loan allows existing home loan borrowers to borrow additional funds over and above their current loan amount, leveraging the equity built in their property. Here’s why a top-up loan might be beneficial:

1. **Access to Funds:** If you need additional funds for home renovations, repairs, education expenses, or any other purpose, a top-up loan provides a convenient source of finance without the need for separate borrowing arrangements.
2. **Lower Interest Rates:** Top-up loans often come with lower interest rates compared to personal loans or other unsecured borrowing options, making them a cost-effective choice for accessing extra funds.
3. **Flexible Repayment Terms:** Borrowers can benefit from flexible repayment options, including extended tenures, which can help manage monthly cash flow more effectively. 
Content: ### **Conclusion**

Both home loan balance transfers and top-up loans offer distinct advantages dependin",Fail,Fail
eligibility,Can someone with a poor credit score get a home loan?,"Yes, it is possible for someone with a poor credit score to obtain a home loan, but it may be more challenging. Lenders are more likely to view such applicants as higher risk, which can lead to several potential outcomes:

1. **Higher Interest Rates**: Applicants with poor credit scores may be offered loans with higher interest rates to compensate for the increased risk.

2. **Lower Loan Amounts**: The loan amount approved may be lower than what an applicant with a better credit score could receive.

3. **Co-Applicant**: Adding a co-applicant with a better credit score can enhance the chances of loan approval and may lead to better loan terms.

4. **Lender Policies**: Different lenders have varying policies regarding credit scores, so it may be worthwhile to shop around for a lender who is more flexible.

5. **Improving Credit Score**: Taking steps to improve your credit score before applying for a loan can also be beneficial. This includes paying off debts, correcting any errors on your credit report, and ensuring timely payments.

In summary, while a poor credit score may limit borrowing options and lead to less favorable terms, it does not entirely eliminate the possibility of securing a home loan.","Document: 
 + Content: ## SYNOPSIS

When you apply for a home loan, the lender considers –

- Your income and loan repaying capacity to determine loan eligibility
- Other factors include your age, retirement age, financial position, credit history, credit score;

Enhance your borrowing ability by –

- adding an earning family member as co-applicant.
- availing a structured repayment plan.
- ensuring a steady income flow, regular savings and investments.
- furnishing details of your regular additional income sources.
- keeping a record of your variable salary components.
- taking actions to rectify errors (if any) in your credit score.
- repaying ongoing loans and short terms debts.

Have you ever wondered what parameters does a home loan lender consider before approving a home loan application? Or simply, how does it decide that the loan applicant will not default on the loan? Read on to know the answers to your questions.

When it comes to a obtaining a [housing loan](/housing-loans),",Pass,Pass
market_trends,Which states have the highest home loan demand in 2024?,"In 2024, states with the highest home loan demand included Texas, Florida, and Arizona. These states were leading the trend of significant home price increases, driven by factors such as appealing warmer climates, lower tax rates, and steady job growth. Additionally, areas in the Midwest, such as Columbus, Ohio, and Indianapolis, Indiana, also saw increased demand as buyers sought affordable alternatives to coastal cities.","Document: 
 + Content: ### Housing Market Landscape

The 2024 housing market continued to grapple with limited inventory, contributing to sustained home price appreciation in many regions. According to the National Association of Realtors (NAR), the national median home price increased by 4.2% compared to 2023, with certain regions, particularly in the Sun Belt and Midwest, experiencing above-average growth([7)](https://www.nar.realtor/). This trend reflected ongoing demand from buyers relocating from high-cost urban areas in search of affordability, often driven by the flexibility of remote work([8)](https://www.zillow.com/).

However, regional variations in housing demand were prominent. High-demand areas, such as Texas, Florida, and Arizona, continued to see price pressures due to limited housing stock. Some previously high-priced urban markets on the coasts, including San Francisco and New York, experienced price stabilization or slight declines. Buyers moved to more affordable are",Pass,Pass
market_trends,How do home loan rates differ in urban vs. rural areas?,"The provided document focuses primarily on the interest rates of home purchase loans and refinance loans based on borrower characteristics, such as race/ethnicity and income, as well as loan types. However, it does not explicitly compare the differences in home loan rates between urban and rural areas. 

To understand how home loan rates differ in urban vs. rural areas, additional data sources or studies would typically be needed, as they often provide insights into geographic disparities in mortgage lending and interest rates. Generally, urban areas might have more competitive rates due to a higher concentration of lenders, while rural areas may experience higher rates due to fewer lenders and potentially higher risk assessments by lenders. 

If further insights into urban versus rural loan rates are needed, I recommend consulting local housing studies, government reports, or mortgage lender data that specifically address these geographic differences.","Document: 
 + Content: 30  2023 MORTGAGE MARKET ACTIVITY AND TRENDS  
 TABLE 3C:  MEDIAN INTEREST RATES OF HOME PURCHASE LOANS, BY BORROWER AND 
NEIGHBORHOOD CHARACTERISTICS AND ENHANCED LOAN TYPE  
 
 
 
 
 
 
 
  
 
 
 
 
 
  
 
  
NOTE: Closed -end (excluding reverse mortgages) home purchase first -lien mortgages secured by site- built one-to -
four-family, principal -residence properties.  
(1) See Table 2A, note 1.  
(2) See Table 2A, note 2.  
(3) See Table 2A, note 3.  
(4) See Table 2A, note 4.  
(5) See Table 3A, note 5.  
 
   
 
  
 
  
 
   2018  2019  2020  2021  2022  2023  
Race/Ethnicity (1): Asian  4.500  3.886  3.000  2.875  4.625  6.375  
Race/Ethnicity: Black or African 
American  4.875 4.250 3.250 3.125 5.000 6.500 
Race/Ethnicity: Hispanic White  4.875  4.250  3.250  3.125  5.125  6.625  
Race/Ethnicity: Non- Hispanic White 4.625  4.125  3.125  3.000  4.990  6.625  
Race/Ethnicity: Other Minority(2) 4.750  4.125  3.125  3.000  5.000  6.500  
Race/Ethnicity: Joint ",Fail,Fail
market_trends,What are the top regions for refinancing activity in 2023?,"As of 2023, the top regions for refinancing activity typically include areas with higher home values, lower unemployment rates, and favorable interest rates. While I do not have specific regional data from 2023 updates, historically, the following areas have been known for high refinancing activity:

1. **West Coast**: States like California and Washington often see significant refinancing due to high property values and a strong housing market.
2. **Northeast**: Areas such as New York and Massachusetts have maintained robust refinancing activity, driven by high real estate prices and competitive mortgage rates.
3. **Southeast**: Regions like Florida and Georgia often experience refinancing surges due to population growth and economic development, making home equity tapping attractive.
4. **Mountain West**: States such as Colorado and Utah have seen growth in refinancing as demand for housing increased, coupled with rising property values.

For precise information on refinancing activity in 2023, I recommend checking reports from real estate analytics firms or financial institutions that specialize in mortgage market analysis.","Document: 
 + Content: ### Key Details:

- **Refinancing Benefits**:
  - Reducing mortgage payments, shortening loan term, or accessing cash are reasons to refinance.
  - However, significant closing costs and fees could delay savings for several years.

- **Eligibility and Requirements**:
  - Borrower eligibility requirements are outlined by the U.S. Department of Housing and Urban Development.
  - Credit score plays a crucial role in securing a mortgage.

- **Interest and Fees**:
  - Understanding home mortgage interest deductions as per IRS guidelines.
  - Tax implications of home mortgage points and cancellation of debt should be considered.

- **Loan Types**:
  - Different refinancing options like rate-and-term refinance, cash-out refinance, and no-appraisal refinance exist.

- **Comparing Lenders**:
  - Use reliable sources to compare mortgage lenders and find the best rates and terms.

### Actionable Insights:

1. **Financial Planning**:
   - Evaluate if refinancing aligns with ",Fail,Fail
market_trends,How does the housing market impact home loan trends in California?,"The housing market in California has a significant impact on home loan trends in the state, particularly in the context of the ongoing regional dynamics. Here are some key ways in which the housing market influences home loan trends:

1. **Price Stabilization and Affordability**: In some areas of California, particularly those experiencing cooling demand, home prices have stabilized or even declined slightly. This creates opportunities for potential buyers who may have previously been deterred by high prices. Home loan trends may shift towards offering more favorable terms or products that cater to these buyers, such as first-time homebuyer programs or lower down payment options.

2. **Increased Focus on Refinancing**: With home prices stabilizing, homeowners may look to refinance their existing loans to tap into their home equity. Mortgage brokers in California may see a renewed emphasis on refinance products, allowing long-term homeowners to leverage their property’s value for other investments, such as home improvements or debt consolidation.

3. **Shift to Alternative Loan Products**: As affordability remains a major concern, brokers may adapt by offering alternative lending products, such as adjustable-rate mortgages (ARMs), which can provide lower initial monthly payments. This will be particularly appealing in high-demand markets where home prices continue to be a barrier to entry for many buyers.

4. **Educational Resources and Client Support**: With fluctuating market conditions, mortgage brokers may offer more educational resources to help clients navigate the housing market. This includes insights on current market trends, mortgage options, and strategies for buying in high-cost areas.

5. **Impact of Economic Policies**: Broader economic factors, including the impact of local and federal policies, can also influence mortgage rates and home loan availability. For instance, changes in interest rates set by the Federal Reserve can affect borrowing costs, and potential tax cuts or tariffs might influence market confidence and spending.

Overall, the housing market landscape in California necessitates that mortgage brokers remain flexible and responsive to changing conditions, tailoring their offerings to meet the evolving needs of clients in both high-demand and stabilizing markets.","Document: 
 + Content: ### Housing Market Landscape

The 2024 housing market continued to grapple with limited inventory, contributing to sustained home price appreciation in many regions. According to the National Association of Realtors (NAR), the national median home price increased by 4.2% compared to 2023, with certain regions, particularly in the Sun Belt and Midwest, experiencing above-average growth([7)](https://www.nar.realtor/). This trend reflected ongoing demand from buyers relocating from high-cost urban areas in search of affordability, often driven by the flexibility of remote work([8)](https://www.zillow.com/).

However, regional variations in housing demand were prominent. High-demand areas, such as Texas, Florida, and Arizona, continued to see price pressures due to limited housing stock. Some previously high-priced urban markets on the coasts, including San Francisco and New York, experienced price stabilization or slight declines. Buyers moved to more affordable are",Pass,Pass
market_trends,Are there specific challenges to getting a home loan in high-cost areas?,"Yes, there are specific challenges to getting a home loan in high-cost areas, including:

1. **High Loan Amounts**: In high-cost areas, the median loan amounts for home purchase loans tend to be significantly higher. For instance, in 2023, the median loan amount for high-income borrowers was approximately $426,000, which can be a barrier for many buyers, especially first-time homebuyers.

2. **Higher Total Loan Costs**: Borrowers in high-cost areas often face higher total loan costs due to increased property values and associated costs such as higher property taxes and insurance. The median total loan costs for home purchase loans in high-income neighborhoods were higher than in lower-income areas, adding to the financial burden.

3. **Intense Competition**: Limited housing inventory and competition among buyers can make securing a loan more challenging. Bidding wars may drive prices even higher, making it harder for buyers to win their offers unless they can pay more or have access to creative financing options.

4. **Credit and Income Expectations**: Lenders may have stricter credit and income requirements in high-cost areas due to the increased financial risk. This can disadvantage borrowers who may not meet these higher thresholds, including low- and moderate-income applicants.

5. **Dependence on FHA Loans**: As the document mentions, Black and Hispanic white borrowers are more likely to rely on FHA loans due to financial constraints. However, these loans come with higher costs, such as upfront mortgage insurance premiums, which can be particularly challenging in high-cost areas where affordability is already a concern.

6. **Potential Overleveraging**: As buyers stretch their financial capabilities to meet competitive offers, there is a risk of overleveraging, which can lead to long-term financial instability if market conditions change.

Overall, these factors create a complex landscape for securing home loans in high-cost areas, requiring buyers to navigate not only higher costs but also competitive and restrictive lending practices.","Document: 
 + Content: ### Limited Housing Inventory and Intense Competition

Throughout 2024, mortgage brokers faced the significant challenge of limited housing inventory and intense competition among buyers. National housing supply remained constrained, with a shortage of available homes driving prices up and intensifying bidding wars. This limited supply created hurdles for many clients, particularly first-time homebuyers with limited resources to compete in highly competitive markets([47)](https://www.nar.realtor/research-and-statistics). In response, brokers turned to creative financing solutions, including adjustable-rate mortgages (ARMs) and temporary rate buydowns. That allowed clients to present more competitive offers. Brokers also suggested bridge loans to enable clients to make offers without contingencies on existing home sales([48)](https://www.freddiemac.com/research/forecast/20240719-us-economic-housing-and-mortgage-market-outlook-july-2024-spotlight). 
Content: 27  20",Pass,Pass
refinancing_policy,What are the current trends in home loan refinancing?,"As of October 2023, several trends in home loan refinancing can be observed:

1. **Rising Interest Rates**: With interest rates having increased in recent years, many homeowners who had previously locked in lower rates are hesitant to refinance, leading to a decrease in refinancing activities overall.

2. **Cash-Out Refinances**: There is a noticeable trend toward cash-out refinancing, where homeowners take equity from their homes to fund expenses such as home improvements, debt consolidation, or other major purchases. This trend has become popular as home equity values have increased.

3. **Shorter Loan Terms**: Some homeowners are opting to refinance into shorter loan terms (such as 15-year mortgages) to pay off their loans faster and reduce the total interest paid over the life of the loan, even if it means higher monthly payments.

4. **Alternative Loan Products**: Homeowners are increasingly considering alternative refinancing options, such as no-appraisal refinances and adjustable-rate mortgages (ARMs), which can offer lower initial rates.

5. **Interest Rate Locks**: Given the fluctuations in interest rates, more borrowers are taking advantage of rate lock options during the refinancing process to secure their rates before the closing of their loans.

6. **Focus on Credit Scores**: With rising rates, many homeowners are becoming more aware of their credit scores and their impact on loan eligibility and interest rates. This awareness has led to a greater focus on credit improvement strategies before refinancing.

7. **Increased Competition Among Lenders**: As the refinancing market fluctuates, lenders are competing more fiercely by offering better terms, lower fees, and improved customer service to attract borrowers looking to refinance.

These trends reflect the current landscape of refinancing, influenced largely by varying interest rates, economic conditions, and homeowner financial strategies.","Document: 
 + Content: [iframe](about:blank)

Table of Contents

Expand

Table of Contents

- [When Should You Refinance?](#toc-when-should-you-refinance)

- [Refinancing to Lower Rate](#toc-refinancing-for-a-lower-interest-rate)

- [Refinancing to Shorten Term](#toc-refinancing-to-shorten-the-loans-term)

- [Refinancing to an ARM or Fixed](#toc-refinancing-to-convert-to-an-arm-or-a-fixed-rate-mortgage)

- [Refinancing to Tap Equity](#toc-refinancing-to-tap-equity-or-consolidate-debt)

- [The Bottom Line](#toc-the-bottom-line)


Part of the Series

Refinance a Home

Know the Basics

1. [Refinance Your Home](https://www.investopedia.com/mortgage/refinance/)
2. [Cash-Out vs. Rate-and-Term](https://www.investopedia.com/mortgage/refinance/cash-out-vs-mortgage-refinancing-loans/)
3. [Rate-and-Term Refinance](https://www.investopedia.com/terms/r/rate_and_term_refi.asp)
4. [Cash-Out Refinance](https://www.investopedia.com/terms/c/cashout_refinance.asp)
5. [No-Appraisal Refinance](https://www.",Fail,Fail
refinancing_policy,How does a drop in interest rates affect refinancing activity?,"A drop in interest rates typically leads to an increase in refinancing activity among homeowners. Here are a few key reasons why:

1. **Lower Monthly Payments**: When interest rates decrease, homeowners can refinance their existing mortgages at a lower rate, resulting in reduced monthly payments. This immediate savings makes refinancing an attractive option.

2. **Interest Savings Over Time**: Lower interest rates can significantly reduce the total interest paid over the life of the loan. Homeowners looking to save money in the long term may choose to refinance to take advantage of the lower rates.

3. **Shorter Loan Terms**: With reduced rates, homeowners may also opt to refinance to a shorter-term loan (e.g., from a 30-year mortgage to a 15-year mortgage) without substantially raising their monthly payments. This allows them to pay off their mortgages faster and save on interest.

4. **Access to Home Equity**: Lower rates can also prompt homeowners to tap into their home equity through cash-out refinancing, allowing them to access funds for other expenses, such as home improvements or debt consolidation.

5. **Increased Mortgage Applications**: As rates fall, mortgage lenders typically experience an influx of applications for refinancing, as more homeowners want to lock in lower rates and improve their financial situations.

Overall, decreased interest rates create favorable conditions that incentivize homeowners to refinance, leading to a noticeable uptick in refinancing activity.","Document: 
 + Content: ## Refinancing for a Lower Interest Rate

One of the best and most common reasons to [refinance](https://www.investopedia.com/best-mortgage-refinance-companies-5092956) is to lower your loan's interest rate. Historically, the rule of thumb has been that refinancing is a good idea if you can reduce your interest rate by at least 2%. However, many lenders say 1% savings is enough of an incentive to refinance. Using a mortgage calculator can help you see how much you might save.

A lower interest rate will save you on short- and long-term interest while reducing your monthly payments. For example, a $100,000, 30-year fixed-rate mortgage with an interest rate of 7% has a principal and interest payment of $665. That same loan at 5% reduces your payment to $536. 
Content: [iframe](about:blank)

Table of Contents

Expand

Table of Contents

- [When Should You Refinance?](#toc-when-should-you-refinance)

- [Refinancing to Lower Rate](#toc-refinancing-for-a-lower-interest",Pass,Pass
refinancing_policy,Are there penalties for refinancing a home loan early?,"Yes, there can be penalties for refinancing a home loan early, depending on the terms of your original mortgage agreement. Here are some common considerations:

1. **Prepayment Penalty**: Some mortgage contracts include a prepayment penalty, which is a fee charged for paying off the mortgage early or refinancing before a certain period. This penalty can be a percentage of the remaining loan balance or a specific number of months' worth of interest payments.

2. **Closing Costs**: While not a direct penalty, refinancing typically involves closing costs, which can range from 2% to 5% of the loan amount. If you refinance too soon after taking out your original mortgage, the costs of the refinance might outweigh the savings.

3. **Impact on Credit Score**: Frequent refinancing can negatively affect your credit score because each application may result in a hard inquiry. Additionally, closing out a loan can affect your credit utilization ratio.

4. **Long-Term Financial Considerations**: Even without formal penalties, refinancing can result in negative financial implications if not timed well. For example, if you don't stay in your home long enough to benefit from the lower interest rate or reduced monthly payments, you may not fully recoup the costs associated with refinancing.

Before refinancing, it’s essential to review your current mortgage terms and assess whether the potential savings from refinancing will outweigh any penalties or costs involved.","Document: 
 + Content: ## Refinancing to Shorten the Loan's Term

When [interest rates](https://www.investopedia.com/mortgage-rates-5094943) fall, homeowners sometimes have the opportunity to refinance an existing loan for another loan that, without much change in the monthly payment, has a significantly shorter term and can save them a considerable amount of interest over time.

For example, suppose you purchased a $200,000 home with 20% ($40,000) down and a 30-year fixed-rate mortgage for $160,000 at 8%. Using [Investopedia's mortgage calculator](https://www.investopedia.com/mortgage-calculator-5084794), which also builds in some assumptions about property taxes and insurance, your monthly payments would be about $1,419, and over the course of the loan, you'd pay $262,648 in interest, making your total repayment $422,648.

If interest rates dropped, and you could get a 15-year fixed-rate mortgage at 6%, your monthly payments would rise to about $1,594. While that's $175 more than you",Fail,Fail
refinancing_policy,What are the steps to refinance a home loan?,"Refinancing a home loan involves several key steps. Here’s a general overview of the process:

1. **Evaluate Your Financial Situation**: 
   - Assess your current mortgage terms, interest rates, and monthly payment. Consider your credit score, debt-to-income ratio, and how much equity you have in your home.

2. **Determine Your Goals**:
   - Decide why you want to refinance. Common reasons include lowering your interest rate, reducing monthly payments, shortening the loan term, or tapping into home equity.

3. **Research Lenders**:
   - Shop around for lenders and compare their rates, fees, and terms. Look for mortgage brokers or direct lenders who cater to your needs.

4. **Gather Documentation**:
   - Collect necessary documents such as income statements, tax returns, bank statements, and information on your current mortgage. Having these ready can speed up the process.

5. **Apply for a Loan**:
   - Fill out the loan application with your selected lender. Be prepared to provide the required documentation.

6. **Get an Estimate**:
   - After processing your application, the lender will provide a Loan Estimate (LE) that outlines the loan terms, interest rates, and closing costs.

7. **Review and Compare**:
   - Carefully review the Loan Estimate and compare it with offers from other lenders, considering factors like monthly payment, total cost of the loan, and closing costs.

8. **Lock in Your Rate**:
   - If you’re satisfied with your loan terms, consider locking in the interest rate to protect yourself against fluctuations while your application is processed.

9. **Undergo the Appraisal Process**:
   - The lender will likely require a home appraisal to determine the current value of your property, ensuring the loan amount is justified.

10. **Close on the Loan**:
    - Once approved, you’ll receive a closing disclosure. Review this document carefully before closing. At the closing meeting, sign the necessary paperwork, pay any closing costs, and finalize the loan.

11. **Manage Your New Loan**:
    - After closing, set up your payment process for the new loan. Monitor your mortgage statements and make adjustments to budgeting as necessary.

Remember, refinancing costs typically range between 5% and 7% of the loan amount, so assess whether the potential savings outweigh these costs before proceeding.","Document: 
 + Content: ## Can you refinance your home loan?

Yes! Refinancing is easier than you think, as long as you know what you need to do. Find out what you need to make a start, even if you’re on a fixed rate...yes, you can refinance a fixed rate mortgage if the numbers stack up! Let’s look at the must-knows. 
Content: [iframe](about:blank)

Table of Contents

Expand

Table of Contents

- [When Should You Refinance?](#toc-when-should-you-refinance)

- [Refinancing to Lower Rate](#toc-refinancing-for-a-lower-interest-rate)

- [Refinancing to Shorten Term](#toc-refinancing-to-shorten-the-loans-term)

- [Refinancing to an ARM or Fixed](#toc-refinancing-to-convert-to-an-arm-or-a-fixed-rate-mortgage)

- [Refinancing to Tap Equity](#toc-refinancing-to-tap-equity-or-consolidate-debt)

- [The Bottom Line](#toc-the-bottom-line)


Part of the Series

Refinance a Home

Know the Basics

1. [Refinance Your Home](https://www.investopedia.com/mortgage/refinance/)
2. [Cash-Out vs. Rate-and-Term",Pass,Pass
refinancing_policy,How does refinancing impact my overall loan cost?,"Refinancing can significantly impact your overall loan cost in several ways:

1. **Interest Rate Reduction**: Refinancing often allows you to secure a lower interest rate. A decrease in the interest rate leads to lower monthly payments and less interest paid over the life of the loan. For example, reducing a 7% interest rate to 5% on a $100,000 mortgage can lower your monthly payment and decrease the total interest paid over time.

2. **Loan Term Adjustment**: You can choose to shorten the term of your mortgage when refinancing. A shorter loan term typically comes with lower interest rates, which can reduce the total interest cost, although the monthly payments may be higher.

3. **Fees and Closing Costs**: Refinancing usually incurs certain costs, such as appraisal fees, title search fees, and closing costs. These can range from 5% to 7% of the loan principal. It's important to weigh these costs against the potential savings from lower monthly payments and interest expenses. 

4. **Total Cost Calculation**: Although you may save on interest payments if you refinance at a lower rate, the upfront costs associated with refinancing must be considered. If you plan to stay in your home long enough to recoup these costs through savings, refinancing may be worthwhile.

5. **Loan Type Changes**: If you refinance from an adjustable-rate mortgage (ARM) to a fixed-rate mortgage (or vice versa), it changes the nature of your payments over time. Fixed-rate mortgages provide stability, while ARMs may have lower initial rates but can lead to increased payments later on.

6. **Equity Tap**: If you're tapping into your home equity through a cash-out refinance, while this can provide funds for large purchases or debt consolidation, it may increase your loan balance and the amount of interest paid over time, possibly increasing the overall loan cost.

In summary, the impact of refinancing on your overall loan cost depends on various factors, including the interest rate, loan term, associated fees, and personal financial goals. It is essential to calculate potential savings and consider how long you expect to retain the loan to determine if refinancing is financially beneficial.","Document: 
 + Content: [iframe](about:blank)

Table of Contents

Expand

Table of Contents

- [When Should You Refinance?](#toc-when-should-you-refinance)

- [Refinancing to Lower Rate](#toc-refinancing-for-a-lower-interest-rate)

- [Refinancing to Shorten Term](#toc-refinancing-to-shorten-the-loans-term)

- [Refinancing to an ARM or Fixed](#toc-refinancing-to-convert-to-an-arm-or-a-fixed-rate-mortgage)

- [Refinancing to Tap Equity](#toc-refinancing-to-tap-equity-or-consolidate-debt)

- [The Bottom Line](#toc-the-bottom-line)


Part of the Series

Refinance a Home

Know the Basics

1. [Refinance Your Home](https://www.investopedia.com/mortgage/refinance/)
2. [Cash-Out vs. Rate-and-Term](https://www.investopedia.com/mortgage/refinance/cash-out-vs-mortgage-refinancing-loans/)
3. [Rate-and-Term Refinance](https://www.investopedia.com/terms/r/rate_and_term_refi.asp)
4. [Cash-Out Refinance](https://www.investopedia.com/terms/c/cashout_refinance.asp)
5. [No-Appraisal Refinance](https://www.",Pass,Pass
